509,2454,172,197,FP
457,2403,276,299,FP
550,2227,172,197,FP
498,2176,276,299,FP
423,2096,427,458,FP
335,2002,602,647,FP
626,2231,172,197,FP
574,2180,276,299,FP
499,2100,427,458,FP
411,2006,602,647,FP
756,2253,172,197,FP
704,2202,276,299,FP
629,2122,427,458,FP
541,2028,602,647,FP
777,2259,172,197,FP
725,2208,276,299,FP
650,2128,427,458,FP
562,2034,602,647,TP
1775,1418,172,197,FP
1723,1367,276,299,FP
1648,1287,427,458,FP
1560,1193,602,647,FP
1407,1022,908,989,FP
1832,1586,172,197,FP
1780,1535,276,299,FP
1705,1455,427,458,FP
1617,1361,602,647,FP
1464,1190,908,989,FP
1877,1415,172,197,FP
1825,1364,276,299,FP
1750,1284,427,458,TP
1662,1190,602,647,FP
1509,1019,908,989,FP
1905,1668,172,197,FP
1853,1617,276,299,FP
1778,1537,427,458,FP
1690,1443,602,647,FP
1537,1272,908,989,FP
1971,1639,172,197,FP
1919,1588,276,299,FP
1844,1508,427,458,FP
1756,1414,602,647,FP
1603,1243,908,989,FP
1997,1660,172,197,FP
1945,1609,276,299,FP
1870,1529,427,458,FP
1782,1435,602,647,FP
1629,1264,908,989,FP
2001,1425,172,197,FP
1949,1374,276,299,FP
1874,1294,427,458,FP
1786,1200,602,647,FP
1633,1029,908,989,FP
2028,1662,172,197,FP
1976,1611,276,299,FP
1901,1531,427,458,FP
1813,1437,602,647,FP
1660,1266,908,989,FP
1024,1208,172,197,FP
972,1157,276,299,FP
897,1077,427,458,TP
809,983,602,647,FP
656,812,908,989,FP
1178,1208,172,197,FP
1126,1157,276,299,FP
1051,1077,427,458,FP
963,983,602,647,FP
810,812,908,989,FP
1201,1297,172,197,FP
1149,1246,276,299,FP
1074,1166,427,458,FP
986,1072,602,647,FP
833,901,908,989,FP
1396,981,172,197,FP
1344,930,276,299,FP
1269,850,427,458,FP
1181,756,602,647,FP
1028,585,908,989,FP
1399,754,172,197,FP
1347,703,276,299,FP
1272,623,427,458,FP
1184,529,602,647,FP
1031,358,908,989,FP
1404,1045,172,197,FP
1352,994,276,299,FP
1277,914,427,458,FP
1189,820,602,647,FP
1036,649,908,989,FP
1410,856,172,197,FP
1358,805,276,299,FP
1283,725,427,458,FP
1195,631,602,647,FP
1042,460,908,989,FP
1413,1065,172,197,FP
1361,1014,276,299,FP
1286,934,427,458,FP
1198,840,602,647,FP
1045,669,908,989,FP
1415,731,172,197,FP
1363,680,276,299,FP
1288,600,427,458,FP
1200,506,602,647,FP
1047,335,908,989,FP
1415,793,172,197,FP
1363,742,276,299,FP
1288,662,427,458,FP
1200,568,602,647,FP
1047,397,908,989,FP
1426,967,172,197,FP
1374,916,276,299,FP
1299,836,427,458,FP
1211,742,602,647,FP
1058,571,908,989,FP
1432,778,172,197,FP
1380,727,276,299,FP
1305,647,427,458,FP
1217,553,602,647,FP
1064,382,908,989,FP
1451,621,172,197,FP
1399,570,276,299,FP
1324,490,427,458,FP
1236,396,602,647,FP
1083,225,908,989,FP
1455,968,172,197,FP
1403,917,276,299,FP
1328,837,427,458,FP
1240,743,602,647,FP
1087,572,908,989,FP
1456,650,172,197,FP
1404,599,276,299,FP
1329,519,427,458,FP
1241,425,602,647,FP
1088,254,908,989,FP
1467,1089,172,197,FP
1415,1038,276,299,FP
1340,958,427,458,FP
1252,864,602,647,FP
1099,693,908,989,FP
1476,645,172,197,FP
1424,594,276,299,FP
1349,514,427,458,FP
1261,420,602,647,FP
1108,249,908,989,FP
1483,973,172,197,FP
1431,922,276,299,FP
1356,842,427,458,FP
1268,748,602,647,FP
1115,577,908,989,FP
1487,942,172,197,FP
1435,891,276,299,FP
1360,811,427,458,FP
1272,717,602,647,FP
1119,546,908,989,FP
1489,1087,172,197,FP
1437,1036,276,299,FP
1362,956,427,458,FP
1274,862,602,647,FP
1121,691,908,989,FP
1496,908,172,197,FP
1444,857,276,299,FP
1369,777,427,458,FP
1281,683,602,647,FP
1128,512,908,989,FP
1497,845,172,197,FP
1445,794,276,299,FP
1370,714,427,458,FP
1282,620,602,647,FP
1129,449,908,989,FP
1503,995,172,197,FP
1451,944,276,299,FP
1376,864,427,458,FP
1288,770,602,647,FP
1135,599,908,989,FP
1504,1027,172,197,FP
1452,976,276,299,FP
1377,896,427,458,FP
1289,802,602,647,FP
1136,631,908,989,FP
1515,857,172,197,FP
1463,806,276,299,FP
1388,726,427,458,FP
1300,632,602,647,FP
1147,461,908,989,FP
1522,833,172,197,FP
1470,782,276,299,FP
1395,702,427,458,FP
1307,608,602,647,FP
1154,437,908,989,FP
1526,958,172,197,FP
1474,907,276,299,FP
1399,827,427,458,FP
1311,733,602,647,FP
1158,562,908,989,FP
1541,930,172,197,FP
1489,879,276,299,FP
1414,799,427,458,FP
1326,705,602,647,FP
1173,534,908,989,FP
1542,754,172,197,FP
1490,703,276,299,FP
1415,623,427,458,FP
1327,529,602,647,FP
1174,358,908,989,FP
1547,900,172,197,FP
1495,849,276,299,FP
1420,769,427,458,FP
1332,675,602,647,FP
1179,504,908,989,FP
1563,792,172,197,FP
1511,741,276,299,FP
1436,661,427,458,FP
1348,567,602,647,FP
1195,396,908,989,FP
1570,871,172,197,FP
1518,820,276,299,FP
1443,740,427,458,FP
1355,646,602,647,FP
1202,475,908,989,FP
1572,730,172,197,FP
1520,679,276,299,FP
1445,599,427,458,FP
1357,505,602,647,FP
1204,334,908,989,FP
1580,670,172,197,FP
1528,619,276,299,FP
1453,539,427,458,FP
1365,445,602,647,FP
1212,274,908,989,FP
1583,749,172,197,FP
1531,698,276,299,FP
1456,618,427,458,FP
1368,524,602,647,FP
1215,353,908,989,FP
1591,688,172,197,FP
1539,637,276,299,FP
1464,557,427,458,FP
1376,463,602,647,FP
1223,292,908,989,FP
1591,814,172,197,FP
1539,763,276,299,FP
1464,683,427,458,FP
1376,589,602,647,FP
1223,418,908,989,FP
1610,742,172,197,FP
1558,691,276,299,FP
1483,611,427,458,FP
1395,517,602,647,FP
1242,346,908,989,FP
1617,761,172,197,FP
1565,710,276,299,FP
1490,630,427,458,FP
1402,536,602,647,FP
1249,365,908,989,FP
1617,860,172,197,FP
1565,809,276,299,FP
1490,729,427,458,FP
1402,635,602,647,TP
1249,464,908,989,FP
1628,727,172,197,FP
1576,676,276,299,FP
1501,596,427,458,FP
1413,502,602,647,FP
1260,331,908,989,FP
1637,750,172,197,FP
1585,699,276,299,FP
1510,619,427,458,FP
1422,525,602,647,FP
1269,354,908,989,FP
1656,731,172,197,FP
1604,680,276,299,FP
1529,600,427,458,FP
1441,506,602,647,FP
1288,335,908,989,FP
1665,750,172,197,FP
1613,699,276,299,FP
1538,619,427,458,FP
1450,525,602,647,FP
1297,354,908,989,FP
1682,733,172,197,FP
1630,682,276,299,FP
1555,602,427,458,FP
1467,508,602,647,FP
1314,337,908,989,FP
1707,705,172,197,FP
1655,654,276,299,FP
1580,574,427,458,FP
1492,480,602,647,FP
1339,309,908,989,FP
1712,958,172,197,FP
1660,907,276,299,FP
1585,827,427,458,FP
1497,733,602,647,FP
1344,562,908,989,FP
1731,724,172,197,FP
1679,673,276,299,FP
1604,593,427,458,FP
1516,499,602,647,FP
1363,328,908,989,FP
1731,1059,172,197,FP
1679,1008,276,299,FP
1604,928,427,458,FP
1516,834,602,647,FP
1363,663,908,989,FP
1751,674,172,197,FP
1699,623,276,299,FP
1624,543,427,458,FP
1536,449,602,647,FP
1383,278,908,989,FP
1781,745,172,197,FP
1729,694,276,299,FP
1654,614,427,458,FP
1566,520,602,647,FP
1413,349,908,989,FP
1846,733,172,197,FP
1794,682,276,299,FP
1719,602,427,458,FP
1631,508,602,647,FP
1478,337,908,989,FP
1916,729,172,197,FP
1864,678,276,299,FP
1789,598,427,458,FP
1701,504,602,647,FP
1548,333,908,989,FP
2113,889,172,197,FP
2061,838,276,299,FP
1986,758,427,458,FP
1898,664,602,647,FP
1745,493,908,989,FP
2152,907,172,197,FP
2100,856,276,299,FP
2025,776,427,458,FP
1937,682,602,647,FP
1784,511,908,989,FP
2170,941,172,197,FP
2118,890,276,299,FP
2043,810,427,458,TP
1955,716,602,647,FP
1802,545,908,989,FP
2204,835,172,197,FP
2152,784,276,299,FP
2077,704,427,458,FP
1989,610,602,647,FP
1836,439,908,989,FP
2213,858,172,197,FP
2161,807,276,299,FP
2086,727,427,458,FP
1998,633,602,647,FP
1845,462,908,989,FP
2394,998,172,197,FP
2342,947,276,299,FP
2267,867,427,458,FP
2179,773,602,647,FP
2026,602,908,989,FP
2493,875,172,197,FP
2441,824,276,299,FP
2366,744,427,458,FP
2278,650,602,647,FP
2125,479,908,989,FP
2505,903,172,197,FP
2453,852,276,299,FP
2378,772,427,458,FP
2290,678,602,647,FP
2137,507,908,989,FP
2515,870,172,197,FP
2463,819,276,299,FP
2388,739,427,458,FP
2300,645,602,647,FP
2147,474,908,989,FP
2743,770,172,197,FP
2691,719,276,299,FP
2616,639,427,458,TP
2528,545,602,647,FP
2375,374,908,989,FP
2776,636,172,197,FP
2724,585,276,299,FP
2649,505,427,458,FP
2561,411,602,647,FP
2408,240,908,989,FP
2092,410,172,197,FP
2040,359,276,299,FP
1965,279,427,458,FP
1877,185,602,647,FP
1724,14,908,989,FP
2160,400,172,197,FP
2108,349,276,299,FP
2033,269,427,458,FP
1945,175,602,647,FP
1792,4,908,989,FP
2370,423,172,197,FP
2318,372,276,299,FP
2243,292,427,458,FP
2155,198,602,647,TP
2002,27,908,989,FP
2927,478,172,197,FP
2875,427,276,299,FP
2800,347,427,458,FP
2712,253,602,647,FP
2559,82,908,989,FP
3079,348,172,197,FP
3027,297,276,299,FP
2952,217,427,458,TP
2864,123,602,647,FP
2606,184,172,197,FP
2554,133,276,299,FP
2479,53,427,458,FP
2630,215,172,197,FP
2578,164,276,299,FP
2503,84,427,458,FP
2725,24,172,197,FP
2877,174,172,197,FP
2825,123,276,299,FP
2750,43,427,458,TP
2904,207,172,197,FP
2852,156,276,299,FP
2777,76,427,458,FP
2147,95,172,197,FP
2095,44,276,299,FP
2181,338,172,197,FP
2129,287,276,299,FP
2054,207,427,458,FP
1966,113,602,647,FP
2203,79,172,197,FP
2151,28,276,299,FP
2209,173,172,197,FP
2157,122,276,299,FP
2082,42,427,458,TP
2222,66,172,197,FP
2170,15,276,299,FP
2223,86,172,197,FP
2171,35,276,299,FP
1690,135,172,197,FP
1638,84,276,299,FP
1563,4,427,458,FP
1720,174,172,197,FP
1668,123,276,299,FP
1593,43,427,458,FP
1780,196,172,197,FP
1728,145,276,299,FP
1653,65,427,458,TP
1880,210,172,197,FP
1828,159,276,299,FP
1753,79,427,458,FP
1920,195,172,197,FP
1868,144,276,299,FP
1793,64,427,458,FP
11,1189,172,197,FP
20,1910,172,197,FP
22,307,172,197,FP
51,1176,172,197,FP
75,222,172,197,FP
23,171,276,299,FP
80,1171,172,197,FP
28,1120,276,299,FP
85,1899,172,197,FP
33,1848,276,299,FP
97,563,172,197,FP
45,512,276,299,FP
98,309,172,197,FP
46,258,276,299,FP
99,2316,172,197,FP
47,2265,276,299,FP
100,246,172,197,FP
48,195,276,299,FP
140,1168,172,197,FP
88,1117,276,299,FP
13,1037,427,458,FP
145,1118,172,197,FP
93,1067,276,299,FP
18,987,427,458,FP
169,1266,172,197,FP
117,1215,276,299,FP
42,1135,427,458,FP
173,1550,172,197,FP
121,1499,276,299,FP
46,1419,427,458,FP
179,1730,172,197,FP
127,1679,276,299,FP
52,1599,427,458,FP
190,2127,172,197,FP
138,2076,276,299,FP
63,1996,427,458,FP
192,318,172,197,FP
140,267,276,299,FP
65,187,427,458,FP
201,2058,172,197,FP
149,2007,276,299,FP
74,1927,427,458,FP
206,1090,172,197,FP
154,1039,276,299,FP
79,959,427,458,FP
207,1065,172,197,FP
155,1014,276,299,FP
80,934,427,458,FP
219,1386,172,197,FP
167,1335,276,299,FP
92,1255,427,458,FP
4,1161,602,647,FP
227,1040,172,197,FP
175,989,276,299,FP
100,909,427,458,FP
12,815,602,647,FP
233,1072,172,197,FP
181,1021,276,299,FP
106,941,427,458,FP
18,847,602,647,FP
239,706,172,197,FP
187,655,276,299,FP
112,575,427,458,FP
24,481,602,647,FP
242,1560,172,197,FP
190,1509,276,299,FP
115,1429,427,458,FP
27,1335,602,647,FP
244,1204,172,197,FP
192,1153,276,299,FP
117,1073,427,458,FP
29,979,602,647,FP
273,698,172,197,FP
221,647,276,299,FP
146,567,427,458,FP
58,473,602,647,FP
281,1003,172,197,FP
229,952,276,299,FP
154,872,427,458,FP
66,778,602,647,FP
282,2407,172,197,FP
230,2356,276,299,FP
283,1054,172,197,FP
231,1003,276,299,FP
156,923,427,458,FP
68,829,602,647,FP
290,1237,172,197,FP
238,1186,276,299,FP
163,1106,427,458,FP
75,1012,602,647,FP
290,2303,172,197,FP
238,2252,276,299,FP
163,2172,427,458,FP
292,2352,172,197,FP
240,2301,276,299,FP
165,2221,427,458,FP
300,429,172,197,FP
248,378,276,299,FP
173,298,427,458,FP
85,204,602,647,FP
323,697,172,197,FP
271,646,276,299,FP
196,566,427,458,FP
108,472,602,647,FP
325,611,172,197,FP
273,560,276,299,FP
198,480,427,458,FP
110,386,602,647,FP
328,778,172,197,FP
276,727,276,299,FP
201,647,427,458,FP
113,553,602,647,FP
334,2315,172,197,FP
282,2264,276,299,FP
207,2184,427,458,FP
344,951,172,197,FP
292,900,276,299,FP
217,820,427,458,FP
129,726,602,647,FP
352,2299,172,197,FP
300,2248,276,299,FP
225,2168,427,458,FP
359,1111,172,197,FP
307,1060,276,299,FP
232,980,427,458,FP
144,886,602,647,FP
361,935,172,197,FP
309,884,276,299,FP
234,804,427,458,FP
146,710,602,647,FP
373,1091,172,197,FP
321,1040,276,299,FP
246,960,427,458,FP
158,866,602,647,FP
5,695,908,989,FP
378,1161,172,197,FP
326,1110,276,299,FP
251,1030,427,458,FP
163,936,602,647,FP
10,765,908,989,FP
380,854,172,197,FP
328,803,276,299,FP
253,723,427,458,FP
165,629,602,647,FP
12,458,908,989,FP
384,901,172,197,FP
332,850,276,299,FP
257,770,427,458,FP
169,676,602,647,FP
16,505,908,989,FP
386,2150,172,197,FP
334,2099,276,299,FP
259,2019,427,458,FP
171,1925,602,647,FP
387,158,172,197,FP
335,107,276,299,FP
260,27,427,458,FP
391,642,172,197,FP
339,591,276,299,FP
264,511,427,458,FP
176,417,602,647,FP
23,246,908,989,FP
398,842,172,197,FP
346,791,276,299,FP
271,711,427,458,FP
183,617,602,647,FP
30,446,908,989,FP
398,1156,172,197,FP
346,1105,276,299,FP
271,1025,427,458,FP
183,931,602,647,FP
30,760,908,989,FP
402,695,172,197,FP
350,644,276,299,FP
275,564,427,458,FP
187,470,602,647,FP
34,299,908,989,FP
408,1124,172,197,FP
356,1073,276,299,FP
281,993,427,458,FP
193,899,602,647,FP
40,728,908,989,FP
423,975,172,197,FP
371,924,276,299,FP
296,844,427,458,FP
208,750,602,647,FP
55,579,908,989,FP
431,295,172,197,FP
379,244,276,299,FP
304,164,427,458,FP
216,70,602,647,FP
433,2243,172,197,FP
381,2192,276,299,FP
306,2112,427,458,FP
218,2018,602,647,FP
437,271,172,197,FP
385,220,276,299,FP
310,140,427,458,FP
222,46,602,647,FP
438,895,172,197,FP
386,844,276,299,FP
311,764,427,458,FP
223,670,602,647,FP
70,499,908,989,FP
445,675,172,197,FP
393,624,276,299,FP
318,544,427,458,FP
230,450,602,647,FP
77,279,908,989,FP
451,359,172,197,FP
399,308,276,299,FP
324,228,427,458,FP
236,134,602,647,FP
453,727,172,197,FP
401,676,276,299,FP
326,596,427,458,FP
238,502,602,647,FP
85,331,908,989,FP
457,501,172,197,FP
405,450,276,299,FP
330,370,427,458,FP
242,276,602,647,FP
89,105,908,989,FP
464,605,172,197,FP
412,554,276,299,FP
337,474,427,458,FP
249,380,602,647,FP
96,209,908,989,FP
464,793,172,197,FP
412,742,276,299,FP
337,662,427,458,FP
249,568,602,647,FP
96,397,908,989,FP
466,477,172,197,FP
414,426,276,299,FP
339,346,427,458,FP
251,252,602,647,FP
98,81,908,989,FP
466,990,172,197,FP
414,939,276,299,FP
339,859,427,458,FP
251,765,602,647,FP
98,594,908,989,FP
467,709,172,197,FP
415,658,276,299,FP
340,578,427,458,FP
252,484,602,647,FP
99,313,908,989,FP
479,903,172,197,FP
427,852,276,299,FP
352,772,427,458,FP
264,678,602,647,FP
111,507,908,989,FP
487,519,172,197,FP
435,468,276,299,FP
360,388,427,458,FP
272,294,602,647,FP
119,123,908,989,FP
495,647,172,197,FP
443,596,276,299,FP
368,516,427,458,FP
280,422,602,647,FP
127,251,908,989,FP
499,704,172,197,FP
447,653,276,299,FP
372,573,427,458,FP
284,479,602,647,FP
131,308,908,989,FP
505,445,172,197,FP
453,394,276,299,FP
378,314,427,458,FP
290,220,602,647,FP
137,49,908,989,FP
540,1095,172,197,FP
488,1044,276,299,FP
413,964,427,458,FP
325,870,602,647,FP
172,699,908,989,FP
554,1047,172,197,FP
502,996,276,299,FP
427,916,427,458,FP
339,822,602,647,FP
186,651,908,989,FP
574,2187,172,197,FP
522,2136,276,299,FP
447,2056,427,458,FP
359,1962,602,647,FP
591,745,172,197,FP
539,694,276,299,FP
464,614,427,458,FP
376,520,602,647,FP
223,349,908,989,FP
593,776,172,197,FP
541,725,276,299,FP
466,645,427,458,FP
378,551,602,647,FP
225,380,908,989,FP
593,991,172,197,FP
541,940,276,299,FP
466,860,427,458,FP
378,766,602,647,FP
225,595,908,989,FP
607,153,172,197,FP
555,102,276,299,FP
480,22,427,458,FP
619,242,172,197,FP
567,191,276,299,FP
492,111,427,458,FP
404,17,602,647,FP
629,785,172,197,FP
577,734,276,299,FP
502,654,427,458,FP
414,560,602,647,FP
261,389,908,989,FP
637,135,172,197,FP
585,84,276,299,FP
510,4,427,458,FP
640,361,172,197,FP
588,310,276,299,FP
513,230,427,458,FP
425,136,602,647,FP
640,558,172,197,FP
588,507,276,299,FP
513,427,427,458,FP
425,333,602,647,FP
272,162,908,989,FP
641,997,172,197,FP
589,946,276,299,FP
514,866,427,458,FP
426,772,602,647,FP
273,601,908,989,FP
684,1107,172,197,FP
632,1056,276,299,FP
557,976,427,458,FP
469,882,602,647,FP
316,711,908,989,FP
689,1913,172,197,FP
637,1862,276,299,FP
562,1782,427,458,FP
474,1688,602,647,FP
321,1517,908,989,FP
706,1897,172,197,FP
654,1846,276,299,FP
579,1766,427,458,FP
491,1672,602,647,FP
338,1501,908,989,FP
710,1057,172,197,FP
658,1006,276,299,FP
583,926,427,458,FP
495,832,602,647,FP
342,661,908,989,FP
721,791,172,197,FP
669,740,276,299,FP
594,660,427,458,FP
506,566,602,647,FP
353,395,908,989,FP
737,805,172,197,FP
685,754,276,299,FP
610,674,427,458,FP
522,580,602,647,FP
369,409,908,989,FP
738,1029,172,197,FP
686,978,276,299,FP
611,898,427,458,FP
523,804,602,647,FP
370,633,908,989,FP
739,622,172,197,FP
687,571,276,299,FP
612,491,427,458,FP
524,397,602,647,FP
371,226,908,989,FP
740,843,172,197,FP
688,792,276,299,FP
613,712,427,458,FP
525,618,602,647,FP
372,447,908,989,FP
749,2167,172,197,FP
697,2116,276,299,FP
622,2036,427,458,FP
534,1942,602,647,FP
761,844,172,197,FP
709,793,276,299,FP
634,713,427,458,FP
546,619,602,647,FP
393,448,908,989,FP
776,565,172,197,FP
724,514,276,299,FP
649,434,427,458,FP
561,340,602,647,FP
408,169,908,989,FP
788,289,172,197,FP
736,238,276,299,FP
661,158,427,458,FP
573,64,602,647,FP
792,1066,172,197,FP
740,1015,276,299,FP
665,935,427,458,FP
577,841,602,647,FP
424,670,908,989,FP
814,916,172,197,FP
762,865,276,299,FP
687,785,427,458,FP
599,691,602,647,FP
446,520,908,989,FP
834,769,172,197,FP
782,718,276,299,FP
707,638,427,458,FP
619,544,602,647,FP
466,373,908,989,FP
846,2089,172,197,FP
794,2038,276,299,FP
719,1958,427,458,FP
631,1864,602,647,FP
478,1693,908,989,FP
852,840,172,197,FP
800,789,276,299,FP
725,709,427,458,FP
637,615,602,647,FP
484,444,908,989,FP
856,189,172,197,FP
804,138,276,299,FP
729,58,427,458,FP
869,873,172,197,FP
817,822,276,299,FP
742,742,427,458,FP
654,648,602,647,FP
501,477,908,989,FP
872,175,172,197,FP
820,124,276,299,FP
745,44,427,458,FP
875,2005,172,197,FP
823,1954,276,299,FP
748,1874,427,458,FP
660,1780,602,647,FP
507,1609,908,989,FP
886,595,172,197,FP
834,544,276,299,FP
759,464,427,458,FP
671,370,602,647,FP
518,199,908,989,FP
892,888,172,197,FP
840,837,276,299,FP
765,757,427,458,FP
677,663,602,647,FP
524,492,908,989,FP
898,397,172,197,FP
846,346,276,299,FP
771,266,427,458,FP
683,172,602,647,FP
530,1,908,989,FP
905,185,172,197,FP
853,134,276,299,FP
778,54,427,458,FP
921,2104,172,197,FP
869,2053,276,299,FP
794,1973,427,458,FP
706,1879,602,647,FP
553,1708,908,989,FP
940,1115,172,197,FP
888,1064,276,299,FP
813,984,427,458,FP
725,890,602,647,FP
572,719,908,989,FP
960,401,172,197,FP
908,350,276,299,FP
833,270,427,458,FP
745,176,602,647,FP
592,5,908,989,FP
960,2116,172,197,FP
908,2065,276,299,FP
833,1985,427,458,FP
745,1891,602,647,FP
962,968,172,197,FP
910,917,276,299,FP
835,837,427,458,FP
747,743,602,647,FP
594,572,908,989,FP
966,827,172,197,FP
914,776,276,299,FP
839,696,427,458,FP
751,602,602,647,FP
598,431,908,989,FP
973,598,172,197,FP
921,547,276,299,FP
846,467,427,458,FP
758,373,602,647,FP
605,202,908,989,FP
973,1010,172,197,FP
921,959,276,299,FP
846,879,427,458,FP
758,785,602,647,FP
605,614,908,989,FP
973,1102,172,197,FP
921,1051,276,299,FP
846,971,427,458,FP
758,877,602,647,FP
605,706,908,989,FP
975,897,172,197,FP
923,846,276,299,FP
848,766,427,458,FP
760,672,602,647,FP
607,501,908,989,FP
986,944,172,197,FP
934,893,276,299,FP
859,813,427,458,FP
771,719,602,647,FP
618,548,908,989,FP
996,1075,172,197,FP
944,1024,276,299,FP
869,944,427,458,FP
781,850,602,647,FP
628,679,908,989,FP
999,626,172,197,FP
947,575,276,299,FP
872,495,427,458,FP
784,401,602,647,FP
631,230,908,989,FP
1000,907,172,197,FP
948,856,276,299,FP
873,776,427,458,FP
785,682,602,647,FP
632,511,908,989,FP
1013,324,172,197,FP
961,273,276,299,FP
886,193,427,458,FP
798,99,602,647,FP
1016,350,172,197,FP
964,299,276,299,FP
889,219,427,458,FP
801,125,602,647,FP
1017,420,172,197,FP
965,369,276,299,FP
890,289,427,458,FP
802,195,602,647,FP
649,24,908,989,FP
1028,1866,172,197,FP
976,1815,276,299,FP
901,1735,427,458,FP
813,1641,602,647,FP
660,1470,908,989,FP
1041,342,172,197,FP
989,291,276,299,FP
914,211,427,458,FP
826,117,602,647,FP
1060,750,172,197,FP
1008,699,276,299,FP
933,619,427,458,FP
845,525,602,647,FP
692,354,908,989,FP
1062,839,172,197,FP
1010,788,276,299,FP
935,708,427,458,FP
847,614,602,647,FP
694,443,908,989,FP
1063,1997,172,197,FP
1011,1946,276,299,FP
936,1866,427,458,FP
848,1772,602,647,FP
695,1601,908,989,FP
1066,1775,172,197,FP
1014,1724,276,299,FP
939,1644,427,458,FP
851,1550,602,647,FP
698,1379,908,989,FP
1076,242,172,197,FP
1024,191,276,299,FP
949,111,427,458,FP
861,17,602,647,FP
1086,863,172,197,FP
1034,812,276,299,FP
959,732,427,458,FP
871,638,602,647,FP
718,467,908,989,FP
1089,951,172,197,FP
1037,900,276,299,FP
962,820,427,458,FP
874,726,602,647,FP
721,555,908,989,FP
1090,501,172,197,FP
1038,450,276,299,FP
963,370,427,458,FP
875,276,602,647,FP
722,105,908,989,FP
1090,927,172,197,FP
1038,876,276,299,FP
963,796,427,458,FP
875,702,602,647,FP
722,531,908,989,FP
1095,1031,172,197,FP
1043,980,276,299,FP
968,900,427,458,FP
880,806,602,647,FP
727,635,908,989,FP
1097,997,172,197,FP
1045,946,276,299,FP
970,866,427,458,FP
882,772,602,647,FP
729,601,908,989,FP
1101,1110,172,197,FP
1049,1059,276,299,FP
974,979,427,458,FP
886,885,602,647,FP
733,714,908,989,FP
1101,1714,172,197,FP
1049,1663,276,299,FP
974,1583,427,458,FP
886,1489,602,647,FP
733,1318,908,989,FP
1108,1608,172,197,FP
1056,1557,276,299,FP
981,1477,427,458,FP
893,1383,602,647,FP
740,1212,908,989,FP
1124,762,172,197,FP
1072,711,276,299,FP
997,631,427,458,FP
909,537,602,647,FP
756,366,908,989,FP
1126,548,172,197,FP
1074,497,276,299,FP
999,417,427,458,FP
911,323,602,647,FP
758,152,908,989,FP
1135,568,172,197,FP
1083,517,276,299,FP
1008,437,427,458,FP
920,343,602,647,FP
767,172,908,989,FP
1135,1562,172,197,FP
1083,1511,276,299,FP
1008,1431,427,458,FP
920,1337,602,647,FP
767,1166,908,989,FP
1137,820,172,197,FP
1085,769,276,299,FP
1010,689,427,458,FP
922,595,602,647,FP
769,424,908,989,FP
1143,782,172,197,FP
1091,731,276,299,FP
1016,651,427,458,FP
928,557,602,647,FP
775,386,908,989,FP
1148,207,172,197,FP
1096,156,276,299,FP
1021,76,427,458,FP
1157,887,172,197,FP
1105,836,276,299,FP
1030,756,427,458,FP
942,662,602,647,FP
789,491,908,989,FP
1161,454,172,197,FP
1109,403,276,299,FP
1034,323,427,458,FP
946,229,602,647,FP
793,58,908,989,FP
1164,816,172,197,FP
1112,765,276,299,FP
1037,685,427,458,FP
949,591,602,647,FP
796,420,908,989,FP
1166,595,172,197,FP
1114,544,276,299,FP
1039,464,427,458,FP
951,370,602,647,FP
798,199,908,989,FP
1168,481,172,197,FP
1116,430,276,299,FP
1041,350,427,458,FP
953,256,602,647,FP
800,85,908,989,FP
1168,933,172,197,FP
1116,882,276,299,FP
1041,802,427,458,FP
953,708,602,647,FP
800,537,908,989,FP
1171,1851,172,197,FP
1119,1800,276,299,FP
1044,1720,427,458,FP
956,1626,602,647,FP
803,1455,908,989,FP
1175,1672,172,197,FP
1123,1621,276,299,FP
1048,1541,427,458,FP
960,1447,602,647,FP
807,1276,908,989,FP
1179,755,172,197,FP
1127,704,276,299,FP
1052,624,427,458,FP
964,530,602,647,FP
811,359,908,989,FP
1181,93,172,197,FP
1129,42,276,299,FP
1184,462,172,197,FP
1132,411,276,299,FP
1057,331,427,458,FP
969,237,602,647,FP
816,66,908,989,FP
1187,502,172,197,FP
1135,451,276,299,FP
1060,371,427,458,FP
972,277,602,647,FP
819,106,908,989,FP
1188,957,172,197,FP
1136,906,276,299,FP
1061,826,427,458,FP
973,732,602,647,FP
820,561,908,989,FP
1193,631,172,197,FP
1141,580,276,299,FP
1066,500,427,458,FP
978,406,602,647,FP
825,235,908,989,FP
1195,1131,172,197,FP
1143,1080,276,299,FP
1068,1000,427,458,FP
980,906,602,647,FP
827,735,908,989,FP
1197,421,172,197,FP
1145,370,276,299,FP
1070,290,427,458,FP
982,196,602,647,FP
829,25,908,989,FP
1207,74,172,197,FP
1155,23,276,299,FP
1207,1002,172,197,FP
1155,951,276,299,FP
1080,871,427,458,FP
992,777,602,647,FP
839,606,908,989,FP
1214,1923,172,197,FP
1162,1872,276,299,FP
1087,1792,427,458,FP
999,1698,602,647,FP
846,1527,908,989,FP
1215,744,172,197,FP
1163,693,276,299,FP
1088,613,427,458,FP
1000,519,602,647,FP
847,348,908,989,FP
1216,949,172,197,FP
1164,898,276,299,FP
1089,818,427,458,FP
1001,724,602,647,FP
848,553,908,989,FP
1216,2066,172,197,FP
1164,2015,276,299,FP
1089,1935,427,458,FP
1001,1841,602,647,FP
848,1670,908,989,FP
1228,475,172,197,FP
1176,424,276,299,FP
1101,344,427,458,FP
1013,250,602,647,FP
860,79,908,989,FP
1230,800,172,197,FP
1178,749,276,299,FP
1103,669,427,458,FP
1015,575,602,647,FP
862,404,908,989,FP
1237,947,172,197,FP
1185,896,276,299,FP
1110,816,427,458,FP
1022,722,602,647,FP
869,551,908,989,FP
1237,1676,172,197,FP
1185,1625,276,299,FP
1110,1545,427,458,FP
1022,1451,602,647,FP
869,1280,908,989,FP
1242,1002,172,197,FP
1190,951,276,299,FP
1115,871,427,458,FP
1027,777,602,647,FP
874,606,908,989,FP
1248,2021,172,197,FP
1196,1970,276,299,FP
1121,1890,427,458,FP
1033,1796,602,647,FP
880,1625,908,989,FP
1268,2074,172,197,FP
1216,2023,276,299,FP
1141,1943,427,458,FP
1053,1849,602,647,FP
900,1678,908,989,FP
1270,970,172,197,FP
1218,919,276,299,FP
1143,839,427,458,FP
1055,745,602,647,FP
902,574,908,989,FP
1272,1091,172,197,FP
1220,1040,276,299,FP
1145,960,427,458,FP
1057,866,602,647,FP
904,695,908,989,FP
1275,829,172,197,FP
1223,778,276,299,FP
1148,698,427,458,FP
1060,604,602,647,FP
907,433,908,989,FP
1275,1301,172,197,FP
1223,1250,276,299,FP
1148,1170,427,458,FP
1060,1076,602,647,FP
907,905,908,989,FP
1276,2454,172,197,FP
1224,2403,276,299,FP
1291,1014,172,197,FP
1239,963,276,299,FP
1164,883,427,458,FP
1076,789,602,647,FP
923,618,908,989,FP
1291,1360,172,197,FP
1239,1309,276,299,FP
1164,1229,427,458,FP
1076,1135,602,647,FP
923,964,908,989,FP
1305,814,172,197,FP
1253,763,276,299,FP
1178,683,427,458,FP
1090,589,602,647,FP
937,418,908,989,FP
1308,556,172,197,FP
1256,505,276,299,FP
1181,425,427,458,FP
1093,331,602,647,FP
940,160,908,989,FP
1316,583,172,197,FP
1264,532,276,299,FP
1189,452,427,458,FP
1101,358,602,647,FP
948,187,908,989,FP
1316,1005,172,197,FP
1264,954,276,299,FP
1189,874,427,458,FP
1101,780,602,647,FP
948,609,908,989,FP
1332,555,172,197,FP
1280,504,276,299,FP
1205,424,427,458,FP
1117,330,602,647,FP
964,159,908,989,FP
1336,975,172,197,FP
1284,924,276,299,FP
1209,844,427,458,FP
1121,750,602,647,FP
968,579,908,989,FP
1339,1265,172,197,FP
1287,1214,276,299,FP
1212,1134,427,458,FP
1124,1040,602,647,FP
971,869,908,989,FP
1349,2170,172,197,FP
1297,2119,276,299,FP
1222,2039,427,458,FP
1134,1945,602,647,FP
1353,807,172,197,FP
1301,756,276,299,FP
1226,676,427,458,FP
1138,582,602,647,FP
985,411,908,989,FP
1355,1801,172,197,FP
1303,1750,276,299,FP
1228,1670,427,458,FP
1140,1576,602,647,FP
987,1405,908,989,FP
1367,1011,172,197,FP
1315,960,276,299,FP
1240,880,427,458,FP
1152,786,602,647,FP
999,615,908,989,FP
1385,611,172,197,FP
1333,560,276,299,FP
1258,480,427,458,FP
1170,386,602,647,FP
1017,215,908,989,FP
1385,796,172,197,FP
1333,745,276,299,FP
1258,665,427,458,FP
1170,571,602,647,FP
1017,400,908,989,FP
1396,2015,172,197,FP
1344,1964,276,299,FP
1269,1884,427,458,FP
1181,1790,602,647,FP
1028,1619,908,989,FP
1400,2175,172,197,FP
1348,2124,276,299,FP
1273,2044,427,458,FP
1185,1950,602,647,FP
1429,0,172,197,FP
1434,297,172,197,FP
1382,246,276,299,FP
1307,166,427,458,FP
1219,72,602,647,FP
1441,1688,172,197,FP
1389,1637,276,299,FP
1314,1557,427,458,FP
1226,1463,602,647,FP
1073,1292,908,989,FP
1455,440,172,197,FP
1403,389,276,299,FP
1328,309,427,458,FP
1240,215,602,647,FP
1087,44,908,989,FP
1457,1769,172,197,FP
1405,1718,276,299,FP
1330,1638,427,458,FP
1242,1544,602,647,FP
1089,1373,908,989,FP
1458,142,172,197,FP
1406,91,276,299,FP
1331,11,427,458,FP
1463,417,172,197,FP
1411,366,276,299,FP
1336,286,427,458,FP
1248,192,602,647,FP
1095,21,908,989,FP
1464,118,172,197,FP
1412,67,276,299,FP
1464,1339,172,197,FP
1412,1288,276,299,FP
1337,1208,427,458,FP
1249,1114,602,647,FP
1096,943,908,989,FP
1473,1580,172,197,FP
1421,1529,276,299,FP
1346,1449,427,458,FP
1258,1355,602,647,FP
1105,1184,908,989,FP
1481,430,172,197,FP
1429,379,276,299,FP
1354,299,427,458,FP
1266,205,602,647,FP
1113,34,908,989,FP
1499,1716,172,197,FP
1447,1665,276,299,FP
1372,1585,427,458,FP
1284,1491,602,647,FP
1131,1320,908,989,FP
1514,1549,172,197,FP
1462,1498,276,299,FP
1387,1418,427,458,FP
1299,1324,602,647,FP
1146,1153,908,989,FP
1523,452,172,197,FP
1471,401,276,299,FP
1396,321,427,458,FP
1308,227,602,647,FP
1155,56,908,989,FP
1572,131,172,197,FP
1520,80,276,299,FP
1445,0,427,458,FP
1600,113,172,197,FP
1548,62,276,299,FP
1618,1377,172,197,FP
1566,1326,276,299,FP
1491,1246,427,458,FP
1403,1152,602,647,FP
1250,981,908,989,FP
1625,417,172,197,FP
1573,366,276,299,FP
1498,286,427,458,FP
1410,192,602,647,FP
1257,21,908,989,FP
1637,365,172,197,FP
1585,314,276,299,FP
1510,234,427,458,FP
1422,140,602,647,FP
1643,323,172,197,FP
1591,272,276,299,FP
1516,192,427,458,FP
1428,98,602,647,FP
1652,2415,172,197,FP
1600,2364,276,299,FP
1678,2428,172,197,FP
1626,2377,276,299,FP
1702,2113,172,197,FP
1650,2062,276,299,FP
1575,1982,427,458,FP
1487,1888,602,647,FP
1702,2435,172,197,FP
1650,2384,276,299,FP
1717,2127,172,197,FP
1665,2076,276,299,FP
1590,1996,427,458,FP
1502,1902,602,647,FP
1755,2400,172,197,FP
1703,2349,276,299,FP
1759,2136,172,197,FP
1707,2085,276,299,FP
1632,2005,427,458,FP
1544,1911,602,647,FP
1771,1764,172,197,FP
1719,1713,276,299,FP
1644,1633,427,458,FP
1556,1539,602,647,FP
1403,1368,908,989,FP
1783,443,172,197,FP
1731,392,276,299,FP
1656,312,427,458,FP
1568,218,602,647,FP
1415,47,908,989,FP
1803,311,172,197,FP
1751,260,276,299,FP
1676,180,427,458,FP
1588,86,602,647,FP
1809,2102,172,197,FP
1757,2051,276,299,FP
1682,1971,427,458,FP
1594,1877,602,647,FP
1441,1706,908,989,FP
1811,2420,172,197,FP
1759,2369,276,299,FP
1812,1810,172,197,FP
1760,1759,276,299,FP
1685,1679,427,458,FP
1597,1585,602,647,FP
1444,1414,908,989,FP
1814,1699,172,197,FP
1762,1648,276,299,FP
1687,1568,427,458,FP
1599,1474,602,647,FP
1446,1303,908,989,FP
1831,1795,172,197,FP
1779,1744,276,299,FP
1704,1664,427,458,FP
1616,1570,602,647,FP
1463,1399,908,989,FP
1833,2126,172,197,FP
1781,2075,276,299,FP
1706,1995,427,458,FP
1618,1901,602,647,FP
1851,2113,172,197,FP
1799,2062,276,299,FP
1724,1982,427,458,FP
1636,1888,602,647,FP
1855,1773,172,197,FP
1803,1722,276,299,FP
1728,1642,427,458,FP
1640,1548,602,647,FP
1487,1377,908,989,FP
1876,1767,172,197,FP
1824,1716,276,299,FP
1749,1636,427,458,FP
1661,1542,602,647,FP
1508,1371,908,989,FP
1880,1729,172,197,FP
1828,1678,276,299,FP
1753,1598,427,458,FP
1665,1504,602,647,FP
1512,1333,908,989,FP
1881,2451,172,197,FP
1829,2400,276,299,FP
1896,1753,172,197,FP
1844,1702,276,299,FP
1769,1622,427,458,FP
1681,1528,602,647,FP
1528,1357,908,989,FP
1906,2145,172,197,FP
1854,2094,276,299,FP
1779,2014,427,458,FP
1691,1920,602,647,FP
1909,1716,172,197,FP
1857,1665,276,299,FP
1782,1585,427,458,FP
1694,1491,602,647,FP
1541,1320,908,989,FP
1916,1745,172,197,FP
1864,1694,276,299,FP
1789,1614,427,458,FP
1701,1520,602,647,FP
1548,1349,908,989,FP
1931,1774,172,197,FP
1879,1723,276,299,FP
1804,1643,427,458,FP
1716,1549,602,647,FP
1563,1378,908,989,FP
1940,2150,172,197,FP
1888,2099,276,299,FP
1813,2019,427,458,FP
1725,1925,602,647,FP
1942,1745,172,197,FP
1890,1694,276,299,FP
1815,1614,427,458,FP
1727,1520,602,647,FP
1574,1349,908,989,FP
1949,1693,172,197,FP
1897,1642,276,299,FP
1822,1562,427,458,FP
1734,1468,602,647,FP
1581,1297,908,989,FP
1951,1783,172,197,FP
1899,1732,276,299,FP
1824,1652,427,458,FP
1736,1558,602,647,FP
1583,1387,908,989,FP
1956,1713,172,197,FP
1904,1662,276,299,FP
1829,1582,427,458,FP
1741,1488,602,647,FP
1588,1317,908,989,FP
1960,1754,172,197,FP
1908,1703,276,299,FP
1833,1623,427,458,FP
1745,1529,602,647,FP
1592,1358,908,989,FP
1962,285,172,197,FP
1910,234,276,299,FP
1835,154,427,458,FP
1747,60,602,647,FP
1983,1719,172,197,FP
1931,1668,276,299,FP
1856,1588,427,458,FP
1768,1494,602,647,FP
1615,1323,908,989,FP
1987,727,172,197,FP
1935,676,276,299,FP
1860,596,427,458,FP
1772,502,602,647,FP
1619,331,908,989,FP
1990,301,172,197,FP
1938,250,276,299,FP
1863,170,427,458,FP
1775,76,602,647,FP
2016,723,172,197,FP
1964,672,276,299,FP
1889,592,427,458,FP
1801,498,602,647,FP
1648,327,908,989,FP
2027,1755,172,197,FP
1975,1704,276,299,FP
1900,1624,427,458,FP
1812,1530,602,647,FP
1659,1359,908,989,FP
2031,1726,172,197,FP
1979,1675,276,299,FP
1904,1595,427,458,FP
1816,1501,602,647,FP
1663,1330,908,989,FP
2032,1788,172,197,FP
1980,1737,276,299,FP
1905,1657,427,458,FP
1817,1563,602,647,FP
1664,1392,908,989,FP
2047,1694,172,197,FP
1995,1643,276,299,FP
1920,1563,427,458,FP
1832,1469,602,647,FP
1679,1298,908,989,FP
2049,33,172,197,FP
2049,1776,172,197,FP
1997,1725,276,299,FP
1922,1645,427,458,FP
1834,1551,602,647,FP
1681,1380,908,989,FP
2050,1738,172,197,FP
1998,1687,276,299,FP
1923,1607,427,458,FP
1835,1513,602,647,FP
1682,1342,908,989,FP
2051,1836,172,197,FP
1999,1785,276,299,FP
1924,1705,427,458,FP
1836,1611,602,647,FP
1683,1440,908,989,FP
2053,1582,172,197,FP
2001,1531,276,299,FP
1926,1451,427,458,FP
1838,1357,602,647,FP
1685,1186,908,989,FP
2069,1598,172,197,FP
2017,1547,276,299,FP
1942,1467,427,458,FP
1854,1373,602,647,FP
1701,1202,908,989,FP
2070,1777,172,197,FP
2018,1726,276,299,FP
1943,1646,427,458,FP
1855,1552,602,647,FP
1702,1381,908,989,FP
2078,1744,172,197,FP
2026,1693,276,299,FP
1951,1613,427,458,FP
1863,1519,602,647,FP
1710,1348,908,989,FP
2092,1602,172,197,FP
2040,1551,276,299,FP
1965,1471,427,458,FP
1877,1377,602,647,FP
1724,1206,908,989,FP
2103,1811,172,197,FP
2051,1760,276,299,FP
1976,1680,427,458,FP
1888,1586,602,647,FP
1735,1415,908,989,FP
2109,2127,172,197,FP
2057,2076,276,299,FP
1982,1996,427,458,FP
1894,1902,602,647,FP
2112,1695,172,197,FP
2060,1644,276,299,FP
1985,1564,427,458,FP
1897,1470,602,647,FP
1744,1299,908,989,FP
2116,1620,172,197,FP
2064,1569,276,299,FP
1989,1489,427,458,FP
1901,1395,602,647,FP
1748,1224,908,989,FP
2116,1732,172,197,FP
2064,1681,276,299,FP
1989,1601,427,458,FP
1901,1507,602,647,FP
1748,1336,908,989,FP
2116,1791,172,197,FP
2064,1740,276,299,FP
1989,1660,427,458,FP
1901,1566,602,647,FP
1748,1395,908,989,FP
2137,1441,172,197,FP
2085,1390,276,299,FP
2010,1310,427,458,FP
1922,1216,602,647,FP
1769,1045,908,989,FP
2142,1752,172,197,FP
2090,1701,276,299,FP
2015,1621,427,458,FP
1927,1527,602,647,FP
1774,1356,908,989,FP
2145,1794,172,197,FP
2093,1743,276,299,FP
2018,1663,427,458,FP
1930,1569,602,647,FP
1777,1398,908,989,FP
2155,1617,172,197,FP
2103,1566,276,299,FP
2028,1486,427,458,FP
1940,1392,602,647,FP
1787,1221,908,989,FP
2168,1762,172,197,FP
2116,1711,276,299,FP
2041,1631,427,458,FP
1953,1537,602,647,FP
1800,1366,908,989,FP
2169,1466,172,197,FP
2117,1415,276,299,FP
2042,1335,427,458,FP
1954,1241,602,647,FP
1801,1070,908,989,FP
2180,1624,172,197,FP
2128,1573,276,299,FP
2053,1493,427,458,FP
1965,1399,602,647,FP
1812,1228,908,989,FP
2200,1481,172,197,FP
2148,1430,276,299,FP
2073,1350,427,458,FP
1985,1256,602,647,FP
1832,1085,908,989,FP
2221,1791,172,197,FP
2169,1740,276,299,FP
2094,1660,427,458,FP
2006,1566,602,647,FP
1853,1395,908,989,FP
2222,2004,172,197,FP
2170,1953,276,299,FP
2095,1873,427,458,FP
2007,1779,602,647,FP
1854,1608,908,989,FP
2223,1199,172,197,FP
2171,1148,276,299,FP
2096,1068,427,458,FP
2008,974,602,647,FP
1855,803,908,989,FP
2232,2173,172,197,FP
2180,2122,276,299,FP
2105,2042,427,458,FP
2017,1948,602,647,FP
2240,1589,172,197,FP
2188,1538,276,299,FP
2113,1458,427,458,FP
2025,1364,602,647,FP
1872,1193,908,989,FP
2241,1783,172,197,FP
2189,1732,276,299,FP
2114,1652,427,458,FP
2026,1558,602,647,FP
1873,1387,908,989,FP
2260,1798,172,197,FP
2208,1747,276,299,FP
2133,1667,427,458,FP
2045,1573,602,647,FP
1892,1402,908,989,FP
2277,1784,172,197,FP
2225,1733,276,299,FP
2150,1653,427,458,FP
2062,1559,602,647,FP
1909,1388,908,989,FP
2299,1774,172,197,FP
2247,1723,276,299,FP
2172,1643,427,458,FP
2084,1549,602,647,FP
1931,1378,908,989,FP
2309,1798,172,197,FP
2257,1747,276,299,FP
2182,1667,427,458,FP
2094,1573,602,647,FP
1941,1402,908,989,FP
2319,1769,172,197,FP
2267,1718,276,299,FP
2192,1638,427,458,FP
2104,1544,602,647,FP
1951,1373,908,989,FP
2329,1798,172,197,FP
2277,1747,276,299,FP
2202,1667,427,458,FP
2114,1573,602,647,FP
1961,1402,908,989,FP
2339,1769,172,197,FP
2287,1718,276,299,FP
2212,1638,427,458,FP
2124,1544,602,647,FP
1971,1373,908,989,FP
2342,1643,172,197,FP
2290,1592,276,299,FP
2215,1512,427,458,FP
2127,1418,602,647,FP
1974,1247,908,989,FP
2347,2195,172,197,FP
2295,2144,276,299,FP
2220,2064,427,458,FP
2132,1970,602,647,FP
2350,366,172,197,FP
2298,315,276,299,FP
2223,235,427,458,FP
2135,141,602,647,FP
2354,1624,172,197,FP
2302,1573,276,299,FP
2227,1493,427,458,FP
2139,1399,602,647,FP
1986,1228,908,989,FP
2369,358,172,197,FP
2317,307,276,299,FP
2242,227,427,458,FP
2154,133,602,647,FP
2371,1851,172,197,FP
2319,1800,276,299,FP
2244,1720,427,458,FP
2156,1626,602,647,FP
2003,1455,908,989,FP
2373,1750,172,197,FP
2321,1699,276,299,FP
2246,1619,427,458,FP
2158,1525,602,647,FP
2005,1354,908,989,FP
2386,1767,172,197,FP
2334,1716,276,299,FP
2259,1636,427,458,FP
2171,1542,602,647,FP
2018,1371,908,989,FP
2392,1794,172,197,FP
2340,1743,276,299,FP
2265,1663,427,458,FP
2177,1569,602,647,FP
2024,1398,908,989,FP
2404,1717,172,197,FP
2352,1666,276,299,FP
2277,1586,427,458,FP
2189,1492,602,647,FP
2036,1321,908,989,FP
2413,2013,172,197,FP
2361,1962,276,299,FP
2286,1882,427,458,FP
2198,1788,602,647,FP
2045,1617,908,989,FP
2426,1269,172,197,FP
2374,1218,276,299,FP
2299,1138,427,458,FP
2211,1044,602,647,FP
2058,873,908,989,FP
2441,1156,172,197,FP
2389,1105,276,299,FP
2314,1025,427,458,FP
2226,931,602,647,FP
2073,760,908,989,FP
2450,856,172,197,FP
2398,805,276,299,FP
2323,725,427,458,FP
2235,631,602,647,FP
2082,460,908,989,FP
2453,2129,172,197,FP
2401,2078,276,299,FP
2326,1998,427,458,FP
2238,1904,602,647,FP
2454,2182,172,197,FP
2402,2131,276,299,FP
2327,2051,427,458,FP
2239,1957,602,647,FP
2455,601,172,197,FP
2403,550,276,299,FP
2328,470,427,458,FP
2240,376,602,647,FP
2087,205,908,989,FP
2455,1401,172,197,FP
2403,1350,276,299,FP
2328,1270,427,458,FP
2240,1176,602,647,FP
2087,1005,908,989,FP
2463,787,172,197,FP
2411,736,276,299,FP
2336,656,427,458,FP
2248,562,602,647,FP
2095,391,908,989,FP
2463,1120,172,197,FP
2411,1069,276,299,FP
2336,989,427,458,FP
2248,895,602,647,FP
2095,724,908,989,FP
2467,868,172,197,FP
2415,817,276,299,FP
2340,737,427,458,FP
2252,643,602,647,FP
2099,472,908,989,FP
2472,2283,172,197,FP
2420,2232,276,299,FP
2345,2152,427,458,FP
2473,1846,172,197,FP
2421,1795,276,299,FP
2346,1715,427,458,FP
2258,1621,602,647,FP
2105,1450,908,989,FP
2477,842,172,197,FP
2425,791,276,299,FP
2350,711,427,458,FP
2262,617,602,647,FP
2109,446,908,989,FP
2485,924,172,197,FP
2433,873,276,299,FP
2358,793,427,458,FP
2270,699,602,647,FP
2117,528,908,989,FP
2493,1018,172,197,FP
2441,967,276,299,FP
2366,887,427,458,FP
2278,793,602,647,FP
2125,622,908,989,FP
2499,1810,172,197,FP
2447,1759,276,299,FP
2372,1679,427,458,FP
2284,1585,602,647,FP
2131,1414,908,989,FP
2504,1932,172,197,FP
2452,1881,276,299,FP
2377,1801,427,458,FP
2289,1707,602,647,FP
2136,1536,908,989,FP
2511,1845,172,197,FP
2459,1794,276,299,FP
2384,1714,427,458,FP
2296,1620,602,647,FP
2143,1449,908,989,FP
2518,1786,172,197,FP
2466,1735,276,299,FP
2391,1655,427,458,FP
2303,1561,602,647,FP
2150,1390,908,989,FP
2524,1165,172,197,FP
2472,1114,276,299,FP
2397,1034,427,458,FP
2309,940,602,647,FP
2156,769,908,989,FP
2532,2186,172,197,FP
2480,2135,276,299,FP
2405,2055,427,458,FP
2317,1961,602,647,FP
2534,562,172,197,FP
2482,511,276,299,FP
2407,431,427,458,FP
2319,337,602,647,FP
2166,166,908,989,FP
2547,1171,172,197,FP
2495,1120,276,299,FP
2420,1040,427,458,FP
2332,946,602,647,FP
2179,775,908,989,FP
2554,1416,172,197,FP
2502,1365,276,299,FP
2427,1285,427,458,FP
2339,1191,602,647,FP
2186,1020,908,989,FP
2567,1083,172,197,FP
2515,1032,276,299,FP
2440,952,427,458,FP
2352,858,602,647,FP
2199,687,908,989,FP
2571,1256,172,197,FP
2519,1205,276,299,FP
2444,1125,427,458,FP
2356,1031,602,647,FP
2203,860,908,989,FP
2590,2174,172,197,FP
2538,2123,276,299,FP
2463,2043,427,458,FP
2375,1949,602,647,FP
2596,1896,172,197,FP
2544,1845,276,299,FP
2469,1765,427,458,FP
2381,1671,602,647,FP
2228,1500,908,989,FP
2620,1899,172,197,FP
2568,1848,276,299,FP
2493,1768,427,458,FP
2405,1674,602,647,FP
2252,1503,908,989,FP
2627,2163,172,197,FP
2575,2112,276,299,FP
2500,2032,427,458,FP
2412,1938,602,647,FP
2630,1878,172,197,FP
2578,1827,276,299,FP
2503,1747,427,458,FP
2415,1653,602,647,FP
2262,1482,908,989,FP
2642,1928,172,197,FP
2590,1877,276,299,FP
2515,1797,427,458,FP
2427,1703,602,647,FP
2274,1532,908,989,FP
2644,1419,172,197,FP
2592,1368,276,299,FP
2517,1288,427,458,FP
2429,1194,602,647,FP
2276,1023,908,989,FP
2648,1589,172,197,FP
2596,1538,276,299,FP
2521,1458,427,458,FP
2433,1364,602,647,FP
2280,1193,908,989,FP
2649,2161,172,197,FP
2597,2110,276,299,FP
2522,2030,427,458,FP
2434,1936,602,647,FP
2650,535,172,197,FP
2598,484,276,299,FP
2523,404,427,458,FP
2435,310,602,647,FP
2282,139,908,989,FP
2654,1895,172,197,FP
2602,1844,276,299,FP
2527,1764,427,458,FP
2439,1670,602,647,FP
2286,1499,908,989,FP
2656,1865,172,197,FP
2604,1814,276,299,FP
2529,1734,427,458,FP
2441,1640,602,647,FP
2288,1469,908,989,FP
2661,1208,172,197,FP
2609,1157,276,299,FP
2534,1077,427,458,FP
2446,983,602,647,FP
2293,812,908,989,FP
2681,1921,172,197,FP
2629,1870,276,299,FP
2554,1790,427,458,FP
2466,1696,602,647,FP
2313,1525,908,989,FP
2730,1971,172,197,FP
2678,1920,276,299,FP
2603,1840,427,458,FP
2515,1746,602,647,FP
2362,1575,908,989,FP
2754,381,172,197,FP
2702,330,276,299,FP
2627,250,427,458,FP
2539,156,602,647,FP
2757,1997,172,197,FP
2705,1946,276,299,FP
2630,1866,427,458,FP
2542,1772,602,647,FP
2389,1601,908,989,FP
2763,1972,172,197,FP
2711,1921,276,299,FP
2636,1841,427,458,FP
2548,1747,602,647,FP
2395,1576,908,989,FP
2771,2026,172,197,FP
2719,1975,276,299,FP
2644,1895,427,458,FP
2556,1801,602,647,FP
2403,1630,908,989,FP
2778,405,172,197,FP
2726,354,276,299,FP
2651,274,427,458,FP
2563,180,602,647,FP
2410,9,908,989,FP
2790,1257,172,197,FP
2738,1206,276,299,FP
2663,1126,427,458,FP
2575,1032,602,647,FP
2422,861,908,989,FP
2836,2413,172,197,FP
2784,2362,276,299,FP
2860,2058,172,197,FP
2808,2007,276,299,FP
2733,1927,427,458,FP
2645,1833,602,647,FP
2492,1662,908,989,FP
2881,1869,172,197,FP
2829,1818,276,299,FP
2754,1738,427,458,FP
2666,1644,602,647,FP
2513,1473,908,989,FP
2890,1961,172,197,FP
2838,1910,276,299,FP
2763,1830,427,458,FP
2675,1736,602,647,FP
2522,1565,908,989,FP
2895,2123,172,197,FP
2843,2072,276,299,FP
2768,1992,427,458,FP
2680,1898,602,647,FP
2895,2144,172,197,FP
2843,2093,276,299,FP
2768,2013,427,458,FP
2680,1919,602,647,FP
2908,923,172,197,FP
2856,872,276,299,FP
2781,792,427,458,FP
2693,698,602,647,FP
2540,527,908,989,FP
2930,1327,172,197,FP
2878,1276,276,299,FP
2803,1196,427,458,FP
2715,1102,602,647,FP
2562,931,908,989,FP
2984,2004,172,197,FP
2932,1953,276,299,FP
2857,1873,427,458,FP
2769,1779,602,647,FP
2616,1608,908,989,FP
2988,2062,172,197,FP
2936,2011,276,299,FP
2861,1931,427,458,FP
2773,1837,602,647,FP
2620,1666,908,989,FP
2993,1807,172,197,FP
2941,1756,276,299,FP
2866,1676,427,458,FP
2778,1582,602,647,FP
2625,1411,908,989,FP
2993,1836,172,197,FP
2941,1785,276,299,FP
2866,1705,427,458,FP
2778,1611,602,647,FP
2625,1440,908,989,FP
2993,1863,172,197,FP
2941,1812,276,299,FP
2866,1732,427,458,FP
2778,1638,602,647,FP
2625,1467,908,989,FP
2996,2043,172,197,FP
2944,1992,276,299,FP
2869,1912,427,458,FP
2781,1818,602,647,FP
2628,1647,908,989,FP
3004,2018,172,197,FP
2952,1967,276,299,FP
2877,1887,427,458,FP
2789,1793,602,647,FP
2636,1622,908,989,FP
3007,2095,172,197,FP
2955,2044,276,299,FP
2880,1964,427,458,FP
2792,1870,602,647,FP
2639,1699,908,989,FP
3008,752,172,197,FP
2956,701,276,299,FP
2881,621,427,458,FP
2793,527,602,647,FP
2640,356,908,989,FP
3008,1678,172,197,FP
2956,1627,276,299,FP
2881,1547,427,458,FP
2793,1453,602,647,FP
2640,1282,908,989,FP
3011,1891,172,197,FP
2959,1840,276,299,FP
2884,1760,427,458,FP
2796,1666,602,647,FP
2643,1495,908,989,FP
3027,2289,172,197,FP
2975,2238,276,299,FP
2900,2158,427,458,FP
3030,2207,172,197,FP
2978,2156,276,299,FP
2903,2076,427,458,FP
2815,1982,602,647,FP
3039,1626,172,197,FP
2987,1575,276,299,FP
2912,1495,427,458,FP
2824,1401,602,647,FP
2671,1230,908,989,FP
3043,1689,172,197,FP
2991,1638,276,299,FP
2916,1558,427,458,FP
2828,1464,602,647,FP
2675,1293,908,989,FP
3045,1649,172,197,FP
2993,1598,276,299,FP
2918,1518,427,458,FP
2830,1424,602,647,FP
2677,1253,908,989,FP
3052,808,172,197,FP
3000,757,276,299,FP
2925,677,427,458,FP
2837,583,602,647,FP
2684,412,908,989,FP
3056,1705,172,197,FP
3004,1654,276,299,FP
2929,1574,427,458,FP
2841,1480,602,647,FP
2688,1309,908,989,FP
3056,2305,172,197,FP
3004,2254,276,299,FP
2929,2174,427,458,FP
3060,1620,172,197,FP
3008,1569,276,299,FP
2933,1489,427,458,FP
2845,1395,602,647,FP
2692,1224,908,989,FP
3067,1639,172,197,FP
3015,1588,276,299,FP
2940,1508,427,458,FP
2852,1414,602,647,FP
2699,1243,908,989,FP
3076,1422,172,197,FP
3024,1371,276,299,FP
2949,1291,427,458,FP
2861,1197,602,647,FP
2708,1026,908,989,FP
3090,1592,172,197,FP
3038,1541,276,299,FP
2963,1461,427,458,FP
2875,1367,602,647,FP
2722,1196,908,989,FP
3091,837,172,197,FP
3039,786,276,299,FP
2964,706,427,458,FP
2876,612,602,647,FP
2723,441,908,989,FP
3094,1440,172,197,FP
3042,1389,276,299,FP
2967,1309,427,458,FP
2879,1215,602,647,FP
2726,1044,908,989,FP
3099,1559,172,197,FP
3047,1508,276,299,FP
2972,1428,427,458,FP
2884,1334,602,647,FP
2731,1163,908,989,FP
3108,1531,172,197,FP
3056,1480,276,299,FP
2981,1400,427,458,FP
2893,1306,602,647,FP
2740,1135,908,989,FP
3120,968,172,197,FP
3068,917,276,299,FP
2993,837,427,458,FP
2905,743,602,647,FP
2752,572,908,989,FP
3121,1592,172,197,FP
3069,1541,276,299,FP
2994,1461,427,458,FP
2906,1367,602,647,FP
2753,1196,908,989,FP
3125,1476,172,197,FP
3073,1425,276,299,FP
2998,1345,427,458,FP
2910,1251,602,647,FP
2757,1080,908,989,FP
3128,1614,172,197,FP
3076,1563,276,299,FP
3001,1483,427,458,FP
2913,1389,602,647,FP
2760,1218,908,989,FP
3129,1540,172,197,FP
3077,1489,276,299,FP
3002,1409,427,458,FP
2914,1315,602,647,FP
2761,1144,908,989,FP
3130,1571,172,197,FP
3078,1520,276,299,FP
3003,1440,427,458,FP
2915,1346,602,647,FP
2762,1175,908,989,FP
3135,1508,172,197,FP
3083,1457,276,299,FP
3008,1377,427,458,FP
2920,1283,602,647,FP
2767,1112,908,989,FP
3149,1483,172,197,FP
3097,1432,276,299,FP
3022,1352,427,458,FP
2934,1258,602,647,FP
2781,1087,908,989,FP
3150,1356,172,197,FP
3098,1305,276,299,FP
3023,1225,427,458,FP
2935,1131,602,647,FP
2782,960,908,989,FP
3155,1527,172,197,FP
3103,1476,276,299,FP
3028,1396,427,458,FP
2940,1302,602,647,FP
2787,1131,908,989,FP
3156,701,172,197,FP
3104,650,276,299,FP
3029,570,427,458,FP
2941,476,602,647,FP
2788,305,908,989,FP
3156,727,172,197,FP
3104,676,276,299,FP
3029,596,427,458,FP
2941,502,602,647,FP
2788,331,908,989,FP
3156,1587,172,197,FP
3104,1536,276,299,FP
3029,1456,427,458,FP
2941,1362,602,647,FP
2788,1191,908,989,FP
3156,1609,172,197,FP
3104,1558,276,299,FP
3029,1478,427,458,FP
2941,1384,602,647,FP
2788,1213,908,989,FP
3157,1238,172,197,FP
3105,1187,276,299,FP
3030,1107,427,458,FP
2942,1013,602,647,FP
2789,842,908,989,FP
3168,1066,172,197,FP
3116,1015,276,299,FP
3041,935,427,458,FP
2953,841,602,647,FP
2800,670,908,989,FP
3176,733,172,197,FP
3124,682,276,299,FP
3049,602,427,458,FP
2961,508,602,647,FP
2808,337,908,989,FP
3177,662,172,197,FP
3125,611,276,299,FP
3050,531,427,458,FP
2962,437,602,647,FP
2809,266,908,989,FP
3177,1502,172,197,FP
3125,1451,276,299,FP
3050,1371,427,458,FP
2962,1277,602,647,FP
2809,1106,908,989,FP
3181,1225,172,197,FP
3129,1174,276,299,FP
3054,1094,427,458,FP
2966,1000,602,647,FP
2813,829,908,989,FP
3203,1303,172,197,FP
3151,1252,276,299,FP
3076,1172,427,458,FP
2988,1078,602,647,FP
2835,907,908,989,FP
3206,1534,172,197,FP
3154,1483,276,299,FP
3079,1403,427,458,FP
2991,1309,602,647,FP
2838,1138,908,989,FP
3208,1283,172,197,FP
3156,1232,276,299,FP
3081,1152,427,458,FP
2993,1058,602,647,FP
2840,887,908,989,FP
3208,1445,172,197,FP
3156,1394,276,299,FP
3081,1314,427,458,FP
2993,1220,602,647,FP
2840,1049,908,989,FP
3216,1725,172,197,FP
3164,1674,276,299,FP
3089,1594,427,458,FP
3001,1500,602,647,FP
2848,1329,908,989,FP
3224,1016,172,197,FP
3172,965,276,299,FP
3097,885,427,458,FP
3009,791,602,647,FP
2856,620,908,989,FP
3224,1756,172,197,FP
3172,1705,276,299,FP
3097,1625,427,458,FP
3009,1531,602,647,FP
2856,1360,908,989,FP
3226,1549,172,197,FP
3174,1498,276,299,FP
3099,1418,427,458,FP
3011,1324,602,647,FP
2858,1153,908,989,FP
3246,1557,172,197,FP
3194,1506,276,299,FP
3119,1426,427,458,FP
3031,1332,602,647,FP
2878,1161,908,989,FP
3246,1752,172,197,FP
3194,1701,276,299,FP
3119,1621,427,458,FP
3031,1527,602,647,FP
2878,1356,908,989,FP
3252,1506,172,197,FP
3200,1455,276,299,FP
3125,1375,427,458,FP
3037,1281,602,647,FP
2884,1110,908,989,FP
3255,1425,172,197,FP
3203,1374,276,299,FP
3128,1294,427,458,FP
3040,1200,602,647,FP
2887,1029,908,989,FP
3257,1902,172,197,FP
3205,1851,276,299,FP
3130,1771,427,458,FP
3042,1677,602,647,FP
2889,1506,908,989,FP
3267,1407,172,197,FP
3215,1356,276,299,FP
3140,1276,427,458,FP
3052,1182,602,647,FP
2899,1011,908,989,FP
3272,1376,172,197,FP
3220,1325,276,299,FP
3145,1245,427,458,FP
3057,1151,602,647,FP
2904,980,908,989,FP
3275,1164,172,197,FP
3223,1113,276,299,FP
3148,1033,427,458,FP
3060,939,602,647,FP
2907,768,908,989,FP
3277,1926,172,197,FP
3225,1875,276,299,FP
3150,1795,427,458,FP
3062,1701,602,647,FP
2909,1530,908,989,FP
3284,1394,172,197,FP
3232,1343,276,299,FP
3157,1263,427,458,FP
3069,1169,602,647,FP
2916,998,908,989,FP
3300,600,172,197,FP
3248,549,276,299,FP
3173,469,427,458,FP
3085,375,602,647,FP
2932,204,908,989,FP
3300,1503,172,197,FP
3248,1452,276,299,FP
3173,1372,427,458,FP
3085,1278,602,647,FP
2932,1107,908,989,FP
3304,1966,172,197,FP
3252,1915,276,299,FP
3177,1835,427,458,FP
3089,1741,602,647,FP
2936,1570,908,989,FP
3326,1679,172,197,FP
3274,1628,276,299,FP
3199,1548,427,458,FP
3111,1454,602,647,FP
2958,1283,908,989,FP
3337,1478,172,197,FP
3285,1427,276,299,FP
3210,1347,427,458,FP
3122,1253,602,647,FP
2969,1082,908,989,FP
3343,1944,172,197,FP
3291,1893,276,299,FP
3216,1813,427,458,FP
3128,1719,602,647,FP
2975,1548,908,989,FP
3346,1691,172,197,FP
3294,1640,276,299,FP
3219,1560,427,458,FP
3131,1466,602,647,FP
2978,1295,908,989,FP
3354,2111,172,197,FP
3302,2060,276,299,FP
3227,1980,427,458,FP
3139,1886,602,647,FP
3355,1499,172,197,FP
3303,1448,276,299,FP
3228,1368,427,458,FP
3140,1274,602,647,FP
2987,1103,908,989,FP
3355,1845,172,197,FP
3303,1794,276,299,FP
3228,1714,427,458,FP
3140,1620,602,647,FP
2987,1449,908,989,FP
3361,1309,172,197,FP
3309,1258,276,299,FP
3234,1178,427,458,FP
3146,1084,602,647,FP
2993,913,908,989,FP
3362,1712,172,197,FP
3310,1661,276,299,FP
3235,1581,427,458,FP
3147,1487,602,647,FP
2994,1316,908,989,FP
3368,1483,172,197,FP
3316,1432,276,299,FP
3241,1352,427,458,FP
3153,1258,602,647,FP
3000,1087,908,989,FP
3374,1285,172,197,FP
3322,1234,276,299,FP
3247,1154,427,458,FP
3159,1060,602,647,FP
3006,889,908,989,FP
3380,1115,172,197,FP
3328,1064,276,299,FP
3253,984,427,458,FP
3165,890,602,647,FP
3012,719,908,989,FP
3381,457,172,197,FP
3329,406,276,299,FP
3254,326,427,458,FP
3166,232,602,647,FP
3013,61,908,989,FP
3381,1637,172,197,FP
3329,1586,276,299,FP
3254,1506,427,458,FP
3166,1412,602,647,FP
3013,1241,908,989,FP
3388,2060,172,197,FP
3336,2009,276,299,FP
3261,1929,427,458,FP
3173,1835,602,647,FP
3020,1664,908,989,FP
3390,1492,172,197,FP
3338,1441,276,299,FP
3263,1361,427,458,FP
3175,1267,602,647,FP
3022,1096,908,989,FP
3390,1718,172,197,FP
3338,1667,276,299,FP
3263,1587,427,458,FP
3175,1493,602,647,FP
3022,1322,908,989,FP
3396,606,172,197,FP
3344,555,276,299,FP
3269,475,427,458,FP
3181,381,602,647,FP
3028,210,908,989,FP
3402,1681,172,197,FP
3350,1630,276,299,FP
3275,1550,427,458,FP
3187,1456,602,647,FP
3034,1285,908,989,FP
3406,1478,172,197,FP
3354,1427,276,299,FP
3279,1347,427,458,FP
3191,1253,602,647,FP
3038,1082,908,989,FP
3408,1505,172,197,FP
3356,1454,276,299,FP
3281,1374,427,458,FP
3193,1280,602,647,FP
3040,1109,908,989,FP
3414,1403,172,197,FP
3362,1352,276,299,FP
3287,1272,427,458,FP
3199,1178,602,647,FP
3046,1007,908,989,FP
3428,1362,172,197,FP
3376,1311,276,299,FP
3301,1231,427,458,FP
3213,1137,602,647,FP
3060,966,908,989,FP
3435,1884,172,197,FP
3383,1833,276,299,FP
3308,1753,427,458,FP
3220,1659,602,647,FP
3067,1488,908,989,FP
3435,2196,172,197,FP
3383,2145,276,299,FP
3308,2065,427,458,FP
3220,1971,602,647,FP
3437,1452,172,197,FP
3385,1401,276,299,FP
3310,1321,427,458,FP
3222,1227,602,647,FP
3069,1056,908,989,FP
3441,1328,172,197,FP
3389,1277,276,299,FP
3314,1197,427,458,FP
3226,1103,602,647,FP
3073,932,908,989,FP
3442,2332,172,197,FP
3390,2281,276,299,FP
3315,2201,427,458,FP
3448,1188,172,197,FP
3396,1137,276,299,FP
3321,1057,427,458,FP
3233,963,602,647,FP
3080,792,908,989,FP
3449,1298,172,197,FP
3397,1247,276,299,FP
3322,1167,427,458,FP
3234,1073,602,647,FP
3081,902,908,989,FP
3452,1360,172,197,FP
3400,1309,276,299,FP
3325,1229,427,458,FP
3237,1135,602,647,FP
3084,964,908,989,FP
3456,2108,172,197,FP
3404,2057,276,299,FP
3329,1977,427,458,FP
3241,1883,602,647,FP
3088,1712,908,989,FP
3464,1731,172,197,FP
3412,1680,276,299,FP
3337,1600,427,458,FP
3249,1506,602,647,FP
3096,1335,908,989,FP
3468,702,172,197,FP
3416,651,276,299,FP
3341,571,427,458,FP
3253,477,602,647,FP
3100,306,908,989,FP
3468,2313,172,197,FP
3416,2262,276,299,FP
3341,2182,427,458,FP
3474,1276,172,197,FP
3422,1225,276,299,FP
3347,1145,427,458,FP
3259,1051,602,647,FP
3106,880,908,989,FP
3476,1932,172,197,FP
3424,1881,276,299,FP
3349,1801,427,458,FP
3261,1707,602,647,FP
3108,1536,908,989,FP
3488,1890,172,197,FP
3436,1839,276,299,FP
3361,1759,427,458,FP
3273,1665,602,647,FP
3120,1494,908,989,FP
3489,974,172,197,FP
3437,923,276,299,FP
3362,843,427,458,FP
3274,749,602,647,FP
3121,578,908,989,FP
3489,1911,172,197,FP
3437,1860,276,299,FP
3362,1780,427,458,FP
3274,1686,602,647,FP
3121,1515,908,989,FP
3495,1338,172,197,FP
3443,1287,276,299,FP
3368,1207,427,458,FP
3280,1113,602,647,FP
3127,942,908,989,FP
3495,1440,172,197,FP
3443,1389,276,299,FP
3368,1309,427,458,FP
3280,1215,602,647,FP
3127,1044,908,989,FP
3507,1897,172,197,FP
3455,1846,276,299,FP
3380,1766,427,458,FP
3292,1672,602,647,FP
3139,1501,908,989,FP
3510,2253,172,197,FP
3458,2202,276,299,FP
3383,2122,427,458,FP
3295,2028,602,647,FP
3515,1349,172,197,FP
3463,1298,276,299,FP
3388,1218,427,458,FP
3300,1124,602,647,FP
3147,953,908,989,FP
3519,1323,172,197,FP
3467,1272,276,299,FP
3392,1192,427,458,FP
3304,1098,602,647,FP
3151,927,908,989,FP
3531,1476,172,197,FP
3479,1425,276,299,FP
3404,1345,427,458,FP
3316,1251,602,647,FP
3163,1080,908,989,FP
3532,1521,172,197,FP
3480,1470,276,299,FP
3405,1390,427,458,FP
3317,1296,602,647,FP
3164,1125,908,989,FP
3532,1914,172,197,FP
3480,1863,276,299,FP
3405,1783,427,458,FP
3317,1689,602,647,FP
3164,1518,908,989,FP
3533,1856,172,197,FP
3481,1805,276,299,FP
3406,1725,427,458,FP
3318,1631,602,647,FP
3165,1460,908,989,FP
3534,1953,172,197,FP
3482,1902,276,299,FP
3407,1822,427,458,FP
3319,1728,602,647,FP
3166,1557,908,989,FP
3538,1052,172,197,FP
3486,1001,276,299,FP
3411,921,427,458,FP
3323,827,602,647,FP
3170,656,908,989,FP
3543,1311,172,197,FP
3491,1260,276,299,FP
3416,1180,427,458,FP
3328,1086,602,647,FP
3175,915,908,989,FP
3543,1897,172,197,FP
3491,1846,276,299,FP
3416,1766,427,458,FP
3328,1672,602,647,FP
3175,1501,908,989,FP
3550,1934,172,197,FP
3498,1883,276,299,FP
3423,1803,427,458,FP
3335,1709,602,647,FP
3182,1538,908,989,FP
3552,1839,172,197,FP
3500,1788,276,299,FP
3425,1708,427,458,FP
3337,1614,602,647,FP
3184,1443,908,989,FP
3566,1947,172,197,FP
3514,1896,276,299,FP
3439,1816,427,458,FP
3351,1722,602,647,FP
3198,1551,908,989,FP
3568,1487,172,197,FP
3516,1436,276,299,FP
3441,1356,427,458,FP
3353,1262,602,647,FP
3200,1091,908,989,FP
3568,1666,172,197,FP
3516,1615,276,299,FP
3441,1535,427,458,FP
3353,1441,602,647,FP
3200,1270,908,989,FP
3573,365,172,197,FP
3521,314,276,299,FP
3446,234,427,458,FP
3358,140,602,647,FP
3605,1315,172,197,FP
3553,1264,276,299,FP
3478,1184,427,458,FP
3390,1090,602,647,FP
3237,919,908,989,FP
3606,1372,172,197,FP
3554,1321,276,299,FP
3479,1241,427,458,FP
3391,1147,602,647,FP
3238,976,908,989,FP
3614,1214,172,197,FP
3562,1163,276,299,FP
3487,1083,427,458,FP
3399,989,602,647,FP
3246,818,908,989,FP
3619,2143,172,197,FP
3567,2092,276,299,FP
3492,2012,427,458,FP
3404,1918,602,647,FP
3620,2375,172,197,FP
3568,2324,276,299,FP
3493,2244,427,458,FP
3621,1571,172,197,FP
3569,1520,276,299,FP
3494,1440,427,458,FP
3406,1346,602,647,FP
3253,1175,908,989,FP
3624,2061,172,197,FP
3572,2010,276,299,FP
3497,1930,427,458,FP
3409,1836,602,647,FP
3256,1665,908,989,FP
3632,1350,172,197,FP
3580,1299,276,299,FP
3505,1219,427,458,FP
3417,1125,602,647,FP
3264,954,908,989,FP
3634,1384,172,197,FP
3582,1333,276,299,FP
3507,1253,427,458,FP
3419,1159,602,647,FP
3266,988,908,989,FP
3640,2144,172,197,FP
3588,2093,276,299,FP
3513,2013,427,458,FP
3425,1919,602,647,FP
3643,245,172,197,FP
3591,194,276,299,FP
3516,114,427,458,FP
3428,20,602,647,FP
3648,2375,172,197,FP
3596,2324,276,299,FP
3521,2244,427,458,FP
3656,1688,172,197,FP
3604,1637,276,299,FP
3529,1557,427,458,FP
3441,1463,602,647,FP
3288,1292,908,989,FP
3656,2355,172,197,FP
3604,2304,276,299,FP
3529,2224,427,458,FP
3658,1239,172,197,FP
3606,1188,276,299,FP
3531,1108,427,458,FP
3443,1014,602,647,FP
3290,843,908,989,FP
3666,2135,172,197,FP
3614,2084,276,299,FP
3539,2004,427,458,FP
3451,1910,602,647,FP
3678,2352,172,197,FP
3626,2301,276,299,FP
3551,2221,427,458,FP
3683,2395,172,197,FP
3631,2344,276,299,FP
3737,722,172,197,FP
3685,671,276,299,FP
3610,591,427,458,FP
3522,497,602,647,FP
3369,326,908,989,FP
3766,1620,172,197,FP
3714,1569,276,299,FP
3639,1489,427,458,FP
3551,1395,602,647,FP
3398,1224,908,989,FP
3770,1344,172,197,FP
3718,1293,276,299,FP
3643,1213,427,458,FP
3555,1119,602,647,FP
3402,948,908,989,FP
3773,1706,172,197,FP
3721,1655,276,299,FP
3646,1575,427,458,FP
3558,1481,602,647,FP
3405,1310,908,989,FP
3780,2281,172,197,FP
3728,2230,276,299,FP
3653,2150,427,458,FP
3565,2056,602,647,FP
3804,1370,172,197,FP
3752,1319,276,299,FP
3677,1239,427,458,FP
3589,1145,602,647,FP
3436,974,908,989,FP
3821,1394,172,197,FP
3769,1343,276,299,FP
3694,1263,427,458,FP
3606,1169,602,647,FP
3453,998,908,989,FP
3834,400,172,197,FP
3782,349,276,299,FP
3707,269,427,458,FP
3619,175,602,647,FP
3466,4,908,989,FP
3860,674,172,197,FP
3808,623,276,299,FP
3733,543,427,458,FP
3645,449,602,647,FP
3492,278,908,989,FP
3883,411,172,197,FP
3831,360,276,299,FP
3756,280,427,458,FP
3668,186,602,647,FP
3515,15,908,989,FP
3897,1484,172,197,FP
3845,1433,276,299,FP
3770,1353,427,458,FP
3682,1259,602,647,FP
3529,1088,908,989,FP
3912,235,172,197,FP
3860,184,276,299,FP
3785,104,427,458,FP
3697,10,602,647,FP
3913,1454,172,197,FP
3861,1403,276,299,FP
3786,1323,427,458,FP
3698,1229,602,647,FP
3545,1058,908,989,FP
3932,2381,172,197,FP
3880,2330,276,299,FP
3943,1533,172,197,FP
3891,1482,276,299,FP
3816,1402,427,458,FP
3728,1308,602,647,FP
3575,1137,908,989,FP
3947,1441,172,197,FP
3895,1390,276,299,FP
3820,1310,427,458,FP
3732,1216,602,647,FP
3579,1045,908,989,FP
3950,1090,172,197,FP
3898,1039,276,299,FP
3823,959,427,458,FP
3735,865,602,647,FP
3582,694,908,989,FP
3961,705,172,197,FP
3909,654,276,299,FP
3834,574,427,458,FP
3746,480,602,647,FP
3593,309,908,989,FP
3996,807,172,197,FP
3944,756,276,299,FP
3869,676,427,458,FP
3781,582,602,647,FP
3628,411,908,989,FP
4014,325,172,197,FP
3962,274,276,299,FP
3887,194,427,458,FP
3799,100,602,647,FP
4017,909,172,197,FP
3965,858,276,299,FP
3890,778,427,458,FP
3802,684,602,647,FP
3649,513,908,989,FP
4018,1479,172,197,FP
3966,1428,276,299,FP
3891,1348,427,458,FP
3803,1254,602,647,FP
3650,1083,908,989,FP
4058,1718,172,197,FP
4006,1667,276,299,FP
3931,1587,427,458,FP
3843,1493,602,647,FP
3690,1322,908,989,FP
4072,2487,172,197,FP
4073,1458,172,197,FP
4021,1407,276,299,FP
3946,1327,427,458,FP
3858,1233,602,647,FP
3705,1062,908,989,FP
4085,1426,172,197,FP
4033,1375,276,299,FP
3958,1295,427,458,FP
3870,1201,602,647,FP
3717,1030,908,989,FP
4104,1622,172,197,FP
4052,1571,276,299,FP
3977,1491,427,458,FP
3889,1397,602,647,FP
3736,1226,908,989,FP
4129,762,172,197,FP
4077,711,276,299,FP
4002,631,427,458,FP
3914,537,602,647,FP
3761,366,908,989,FP
4142,989,172,197,FP
4090,938,276,299,FP
4015,858,427,458,FP
3927,764,602,647,FP
3774,593,908,989,FP
4150,1931,172,197,FP
4098,1880,276,299,FP
4023,1800,427,458,FP
3935,1706,602,647,FP
3782,1535,908,989,FP
4161,921,172,197,FP
4109,870,276,299,FP
4034,790,427,458,FP
3946,696,602,647,FP
3793,525,908,989,FP
4171,1305,172,197,FP
4119,1254,276,299,FP
4044,1174,427,458,FP
3956,1080,602,647,FP
3803,909,908,989,FP
4173,2342,172,197,FP
4121,2291,276,299,FP
4046,2211,427,458,FP
4187,1912,172,197,FP
4135,1861,276,299,FP
4060,1781,427,458,FP
3972,1687,602,647,FP
3819,1516,908,989,FP
4189,2142,172,197,FP
4137,2091,276,299,FP
4062,2011,427,458,FP
3974,1917,602,647,FP
4190,1197,172,197,FP
4138,1146,276,299,FP
4063,1066,427,458,FP
3975,972,602,647,FP
3822,801,908,989,FP
4203,1626,172,197,FP
4151,1575,276,299,FP
4076,1495,427,458,FP
3988,1401,602,647,FP
3835,1230,908,989,FP
4210,803,172,197,FP
4158,752,276,299,FP
4083,672,427,458,FP
3995,578,602,647,FP
3842,407,908,989,FP
4217,1381,172,197,FP
4165,1330,276,299,FP
4090,1250,427,458,FP
4002,1156,602,647,FP
3849,985,908,989,FP
4227,1348,172,197,FP
4175,1297,276,299,FP
4100,1217,427,458,FP
4012,1123,602,647,FP
3859,952,908,989,FP
4228,1615,172,197,FP
4176,1564,276,299,FP
4101,1484,427,458,FP
4013,1390,602,647,FP
3860,1219,908,989,FP
4262,1566,172,197,FP
4210,1515,276,299,FP
4135,1435,427,458,FP
4047,1341,602,647,FP
4271,653,172,197,FP
4219,602,276,299,FP
4144,522,427,458,FP
4056,428,602,647,FP
4273,743,172,197,FP
4221,692,276,299,FP
4146,612,427,458,FP
4058,518,602,647,FP
4282,1577,172,197,FP
4230,1526,276,299,FP
4155,1446,427,458,FP
4067,1352,602,647,FP
4301,1436,172,197,FP
4249,1385,276,299,FP
4174,1305,427,458,FP
4086,1211,602,647,FP
4328,2076,172,197,FP
4276,2025,276,299,FP
4201,1945,427,458,FP
4113,1851,602,647,FP
4334,1269,172,197,FP
4282,1218,276,299,FP
4207,1138,427,458,FP
4119,1044,602,647,FP
4343,1243,172,197,FP
4291,1192,276,299,FP
4216,1112,427,458,FP
4128,1018,602,647,FP
4348,1025,172,197,FP
4296,974,276,299,FP
4221,894,427,458,FP
4133,800,602,647,FP
4349,700,172,197,FP
4297,649,276,299,FP
4222,569,427,458,FP
4134,475,602,647,FP
4354,1823,172,197,FP
4302,1772,276,299,FP
4227,1692,427,458,FP
4139,1598,602,647,FP
4379,273,172,197,FP
4327,222,276,299,FP
4252,142,427,458,FP
4164,48,602,647,FP
4381,1808,172,197,FP
4329,1757,276,299,FP
4254,1677,427,458,FP
4166,1583,602,647,FP
4406,492,172,197,FP
4354,441,276,299,FP
4279,361,427,458,FP
4191,267,602,647,FP
4408,1756,172,197,FP
4356,1705,276,299,FP
4281,1625,427,458,FP
4193,1531,602,647,FP
4417,1783,172,197,FP
4365,1732,276,299,FP
4290,1652,427,458,FP
4418,886,172,197,FP
4366,835,276,299,FP
4291,755,427,458,FP
4429,794,172,197,FP
4377,743,276,299,FP
4302,663,427,458,FP
4440,589,172,197,FP
4388,538,276,299,FP
4313,458,427,458,FP
4459,798,172,197,FP
4407,747,276,299,FP
4332,667,427,458,FP
4470,2063,172,197,FP
4418,2012,276,299,FP
4343,1932,427,458,FP
4474,2209,172,197,FP
4422,2158,276,299,FP
4347,2078,427,458,FP
4484,2233,172,197,FP
4432,2182,276,299,FP
4357,2102,427,458,FP
4497,742,172,197,FP
4445,691,276,299,FP
4370,611,427,458,FP
4503,1145,172,197,FP
4451,1094,276,299,FP
4514,644,172,197,FP
4462,593,276,299,FP
4520,2017,172,197,FP
4468,1966,276,299,FP
4532,463,172,197,FP
4480,412,276,299,FP
4533,709,172,197,FP
4481,658,276,299,FP
4545,1126,172,197,FP
4493,1075,276,299,FP
4561,439,172,197,FP
4509,388,276,299,FP
4566,612,172,197,FP
4514,561,276,299,FP
4568,2290,172,197,FP
4516,2239,276,299,FP
4578,2309,172,197,FP
4612,1001,172,197,FP
4620,2311,172,197,FP
